{"cameraMode":{"drawMode":0,"name":"Shaded","section":"Shading Mode"},"sceneLighting":true,"audioPlay":false,"sceneViewState":{"showFog":false,"showMaterialUpdate":false,"showSkybox":false,"showFlares":false,"showImageEffects":false,"showParticleSystems":false},"in2DMode":false,"pivot":{"x":-34.70500946044922,"y":-60.0410041809082,"z":43.2493896484375},"rotation":{"x":-0.42404070496559145,"y":0.45763635635375979,"z":-0.2637902498245239,"w":-0.7356447577476502},"size":112.1960220336914,"orthographic":false}