{"cameraMode":{"drawMode":0,"name":"Shaded","section":"Shading Mode"},"sceneLighting":false,"audioPlay":false,"sceneViewState":{"showFog":false,"showMaterialUpdate":false,"showSkybox":false,"showFlares":false,"showImageEffects":false,"showParticleSystems":false},"in2DMode":false,"pivot":{"x":3.5137343406677248,"y":-0.07403826713562012,"z":-1.546576738357544},"rotation":{"x":-0.23663288354873658,"y":-0.5796225070953369,"z":0.18082426488399507,"w":-0.7585151791572571},"size":6.8728508949279789,"orthographic":false}